user.id,age
2,23
8,21
9,28
10,21
11,22
13,22
20,22
26,22
27,21
29,21
31,24
33,21
35,21
36,24
38,23
48,24
49,24
53,22
54,22
59,25
66,25
68,27
72,26
76,22
83,21
89,26
90,21
91,21
94,21
95,23
96,21
101,25
105,21
108,22
115,25
119,24
120,25
123,25
124,26
126,22
134,21
137,21
140,22
142,22
144,21
145,21
146,26
147,21
154,21
155,21
157,24
166,21
167,22
169,25
172,22
175,22
183,21
184,22
185,26
188,22
194,21
200,21
204,22
216,21
217,21
221,25
222,22
223,21
229,22
230,21
232,25
236,25
240,24
242,23
246,22
247,22
250,21
260,25
263,25
265,22
267,21
270,26
271,22
273,22
275,21
276,21
277,23
282,24
283,21
288,21
289,22
290,21
298,21
300,22
303,21
304,21
305,21
306,21
307,21
312,22
320,21
321,22
323,22
325,21
327,21
330,22
331,21
332,21
333,21
334,22
339,22
341,25
342,25
354,22
355,26
364,22
365,22
370,24
378,21
379,23
387,22
392,24
401,21
402,21
406,22
408,26
409,22
410,26
411,21
413,22
416,25
417,25
421,21
424,22
426,21
430,21
432,26
433,21
434,21
435,21
436,24
440,21
446,21
451,21
452,25
453,25
454,21
458,24
462,21
465,23
466,24
468,25
470,22
471,21
477,23
480,22
485,26
486,21
488,22
496,21
502,22
503,27
504,21
505,23
506,22
507,22
513,21
515,21
516,21
517,22
521,25
526,22
529,21
530,21
534,22
536,21
538,21
542,21
546,21
552,24
561,24
563,21
564,21
569,21
572,21
574,22
577,24
578,21
584,22
587,21
588,22
589,22
596,21
597,22
598,22
602,23
604,22
607,27
609,22
613,22
617,25
620,21
624,22
626,21
633,22
639,21
640,21
646,21
647,22
650,24
662,21
665,21
666,21
670,26
671,21
673,23
681,22
682,24
684,22
686,21
702,21
703,23
710,21
714,25
715,26
716,23
717,22
718,21
722,24
723,21
726,21
734,21
736,22
737,21
739,21
740,21
749,21
755,21
759,22
760,22
761,23
762,21
763,21
764,22
766,29
767,21
768,21
769,21
770,23
771,22
772,25
774,25
775,26
778,22
779,21
780,21
784,25
785,22
787,21
788,21
790,21
795,22
797,22
800,23
801,22
807,26
808,22
809,22
810,22
811,21
822,23
824,21
827,21
828,22
830,24
832,21
834,21
845,24
849,22
856,26
858,22
861,22
864,22
867,21
873,21
877,22
882,22
886,21
887,22
890,21
895,24
903,22
907,21
919,24
923,23
931,25
932,22
936,21
948,21
950,21
952,25
954,22
956,22
961,21
962,21
964,25
967,21
969,23
970,26
971,21
972,21
973,21
976,21
977,22
984,21
988,22
989,22
991,24
996,23
997,21
1001,22
1002,22
1005,26
1008,21
1009,22
1014,22
1016,26
1017,22
1018,21
1019,21
1022,21
1025,23
1030,24
1031,25
1034,26
1036,23
1037,22
1043,32
1044,21
1048,26
1051,21
1060,21
1062,25
1066,26
1068,24
1070,21
1072,22
1075,21
1077,22
1078,22
1079,23
1080,22
1084,22
1085,21
1086,22
1087,23
1090,21
1092,21
1094,22
1098,25
1102,24
1103,21
1107,24
1109,21
1110,21
1115,21
1119,22
1123,22
1127,21
1142,22
1143,22
1150,21
1151,22
1156,21
1162,21
1164,22
1165,21
1166,21
1167,23
1170,23
1172,21
1175,22
1179,23
1181,22
1183,22
1185,21
1187,26
1189,22
1190,21
1191,22
1195,21
1196,21
1208,25
1216,21
1217,21
1219,21
1226,21
1229,21
1230,21
1231,24
1233,22
1235,21
1237,22
1238,22
1239,25
1246,21
1247,22
1258,22
1263,23
1274,22
1283,22
1293,22
1295,25
1298,23
1299,22
1303,26
1304,22
1306,25
1311,25
1315,24
1319,21
1329,21
1330,22
1331,22
1332,21
1335,22
1338,21
1343,24
1347,22
1354,22
1359,21
1360,23
1363,21
1364,22
1365,22
1377,22
1381,21
1382,22
1384,21
1386,22
1393,21
1395,25
1398,28
1400,21
1406,25
1407,21
1408,23
1412,25
1415,25
1422,25
1423,24
1426,25
1429,24
1432,21
1437,22
1442,21
1450,21
1458,22
1464,27
1470,23
1471,21
1472,24
1476,22
1478,26
1479,23
1480,21
1481,23
1483,21
1486,22
1489,24
1490,21
1493,25
1494,21
1501,21
1503,21
1511,21
1521,22
1525,21
1526,22
1531,22
1536,21
1538,21
1547,25
1549,21
1556,21
1557,26
1573,25
1576,22
1580,22
1583,24
1585,21
1587,21
1588,21
1589,26
1591,21
1594,23
1596,22
1597,21
1615,26
1618,25
1619,25
1623,22
1626,22
1634,21
1639,22
1641,22
1643,26
1644,21
1645,21
1647,21
1649,22
1652,21
1653,21
1654,21
1658,22
1659,22
1661,22
1662,22
1667,22
1669,22
1671,22
1675,21
1680,22
1682,24
1683,25
1684,21
1686,21
1687,22
1689,21
1690,21
1692,22
1693,21
1697,22
1700,21
1701,25
1702,21
1704,23
1708,24
1714,21
1715,26
1716,22
1721,21
1723,22
1724,22
1731,21
1732,21
1734,21
1735,22
1739,21
1742,24
1746,25
1748,22
1750,21
1754,21
1757,26
1758,26
1760,24
1769,24
1774,23
1776,25
1780,25
1781,21
1783,21
1785,26
1786,21
1788,21
1789,26
1795,23
1796,21
1798,21
1799,22
1803,21
1805,21
1807,21
1809,23
1811,22
1819,21
1820,21
1826,24
1829,22
1833,22
1837,26
1839,21
1842,22
1844,21
1849,24
1850,21
1852,21
1854,22
1858,25
1859,26
1863,21
1864,21
1865,21
1866,24
1867,23
1869,22
1871,21
1876,22
1877,21
1883,22
1887,23
1891,21
1893,21
1894,22
1895,26
1898,24
1900,21
1906,24
1908,21
1909,25
1910,21
1917,24
1918,21
1922,22
1923,22
1929,22
1930,21
1932,23
1933,22
1939,21
1949,21
1963,21
1967,22
1968,21
1977,21
1983,24
1992,21
1994,25
2007,21
2011,21
2014,25
2018,21
2019,23
2021,21
2023,22
2025,26
2028,26
2032,21
2035,26
2036,25
2038,21
2039,21
2040,21
2042,21
2044,23
2050,23
2054,22
2055,21
2059,21
2060,21
2061,22
2062,22
2066,21
2067,21
2068,21
2069,29
2075,26
2076,24
2080,23
2082,21
2083,21
2085,22
2087,21
2088,21
2091,21
2092,24
2104,22
2105,21
2111,23
2113,25
2115,21
2120,21
2123,21
2124,25
2126,21
2127,25
2129,22
2134,26
2135,24
2139,21
2143,21
2154,21
2156,21
2160,22
2161,22
2166,21
2173,21
2178,25
2182,26
2183,24
2189,25
2191,22
2192,26
2193,21
2194,21
2196,27
2198,22
2199,25
2200,21
2207,21
2212,22
2216,22
2220,22
2225,22
2226,22
2227,22
2229,26
2232,21
2237,27
2240,21
2241,21
2243,21
2246,22
2249,21
2251,24
2254,22
2255,22
2258,23
2259,21
2261,21
2263,21
2267,22
2271,22
2274,24
2277,21
2282,25
2283,21
2285,21
2287,21
2291,22
2293,24
2300,22
2310,24
2313,21
2316,21
2320,24
2322,21
2324,21
2327,22
2330,22
2333,22
2335,22
2337,21
2338,22
2339,21
2341,25
2343,21
2344,21
2360,22
2363,22
2370,22
2371,24
2372,21
2374,28
2380,25
2381,21
2382,21
2386,25
2387,21
2388,22
2390,22
2398,22
2405,22
2406,22
2407,21
2411,21
2418,21
2420,21
2422,24
2425,24
2427,21
2430,21
2433,25
2434,21
2438,26
2439,21
2441,22
2443,22
2449,22
2450,21
2451,22
2453,22
2455,22
2462,21
2463,25
2464,21
2468,21
2473,21
2480,21
2484,21
2485,21
2487,22
2488,22
2489,21
2490,22
2495,21
2496,21
2497,25
2504,22
2506,22
2508,21
2511,22
2512,26
2520,21
2521,23
2522,22
2524,22
2526,21
2529,21
2535,23
2538,22
2547,22
2551,21
2554,22
2557,22
2559,22
2561,21
2562,21
2564,23
2566,21
2568,21
2569,22
2571,22
2572,22
2578,21
2582,21
2594,22
2595,21
2599,22
2600,21
2603,21
2609,21
2611,22
2616,22
2620,21
2622,22
2623,21
2626,26
2628,26
2633,26
2636,21
2637,21
2639,21
2645,21
2648,22
2649,22
2653,21
2656,26
2661,24
2663,21
2665,24
2670,22
2672,21
2676,22
2682,25
2685,26
2686,21
2690,21
2691,25
2693,25
2697,21
2701,26
2704,22
2705,21
2712,22
2714,22
2715,21
2716,21
2717,22
2718,25
2719,21
2720,21
2721,24
2723,21
2733,21
2734,21
2737,21
2738,24
2741,26
2744,21
2749,21
2750,22
2751,24
2755,21
2758,25
2767,26
2769,25
2770,21
2772,21
2773,22
2788,21
2795,24
2800,23
2801,25
2807,21
2809,21
2825,22
2829,22
2831,21
2837,25
2838,21
2839,22
2840,21
2841,21
2846,21
2849,25
2850,21
2855,21
2857,22
2859,21
2861,25
2865,25
2867,23
2883,25
2886,21
2888,22
2889,24
2895,22
2897,21
2898,21
2899,25
2900,21
2906,23
2908,26
2913,22
2919,21
2921,21
2922,21
2925,21
2926,21
2927,21
2929,22
2930,21
2935,25
2937,22
2938,22
2941,21
2947,24
2952,21
2962,26
2966,21
2968,24
2969,23
2972,25
2974,21
2975,23
2978,22
2988,21
2989,25
2991,21
2995,23
2997,21
3006,25
3007,22
3011,22
3015,24
3017,21
3025,22
3029,22
3030,22
3031,21
3032,21
3036,26
3040,22
3043,21
3044,21
3045,21
3048,27
3049,22
3052,21
3053,21
3062,22
3063,22
3065,22
3067,21
3068,24
3072,27
3074,22
3075,24
3076,22
3078,24
3081,21
3084,21
3088,21
3089,21
3093,24
3096,21
3097,22
3098,21
3100,21
3103,22
3106,21
3111,21
3113,23
3118,22
3127,25
3130,22
3132,22
3135,22
3137,21
3143,22
3144,24
3146,21
3147,25
3151,22
3153,21
3155,21
3160,22
3174,22
3177,25
3181,25
3183,26
3184,24
3188,25
3198,26
3210,21
3213,21
3216,21
3219,22
3220,22
3226,26
3227,21
3235,21
3236,21
3242,22
3243,25
3249,25
3251,21
3260,21
3264,21
3267,23
3269,24
3270,22
3275,22
3276,28
3278,26
3284,21
3286,21
3287,22
3289,22
3291,27
3297,21
3299,21
3302,22
3303,26
3304,22
3309,26
3315,26
3319,22
3320,23
3321,21
3323,21
3327,25
3332,21
3338,22
3346,21
3347,23
3350,22
3357,21
3360,22
3361,22
3368,22
3369,22
3370,21
3371,22
3373,22
3374,22
3375,24
3376,21
3379,21
3381,21
3382,21
3383,24
3385,22
3386,21
3387,21
3388,26
3390,21
3393,22
3394,21
3404,25
3405,22
3411,25
3415,22
3417,21
3418,22
3420,21
3423,25
3424,22
3425,22
3427,26
3428,22
3432,25
3435,22
3437,24
3441,28
3443,21
3445,23
3448,23
3453,25
3457,25
3460,21
3464,22
3466,22
3469,21
3470,26
3471,22
3473,21
3479,22
3480,25
3486,21
3490,26
3491,22
3492,21
3493,23
3494,21
3499,26
3501,22
3502,26
3504,24
3507,26
3511,22
3517,21
3520,22
3523,22
3525,21
3527,24
3532,23
3534,21
3543,22
3544,24
3548,21
3550,21
3552,21
3553,21
3556,22
3557,21
3559,22
3563,21
3565,22
3566,21
3568,21
3573,22
3574,25
3577,23
3579,22
3588,22
3589,22
3590,22
3592,26
3594,22
3600,21
3605,21
3609,23
3610,22
3612,22
3614,21
3615,24
3617,21
3621,21
3622,22
3625,25
3626,21
3633,21
3638,22
3640,23
3643,22
3644,22
3645,24
3650,26
3654,21
3660,24
3662,23
3663,24
3670,21
3676,24
3677,21
3681,21
3684,26
3686,24
3687,22
3691,24
3695,25
3697,26
3698,22
3699,21
3700,21
3701,21
3705,26
3708,23
3712,22
3713,27
3716,23
3718,21
3723,24
3725,22
3735,21
3736,21
3738,22
3739,25
3742,22
3745,23
3747,22
3749,21
3750,22
3751,22
3756,21
3759,23
3760,24
3766,22
3768,21
3769,21
3772,34
3774,21
3775,26
3782,21
3786,24
3795,21
3799,21
3801,21
3805,21
3806,21
3807,23
3812,21
3815,21
3817,26
3823,21
3829,21
3832,22
3833,21
3834,22
3836,21
3837,21
3845,21
3850,22
3854,21
3855,21
3857,21
3859,22
3862,25
3869,26
3870,21
3876,26
3880,24
3883,21
3886,22
3890,27
3891,21
3895,21
3898,21
3900,22
3901,21
3906,21
3909,21
3911,21
3913,22
3917,22
3919,21
3923,21
3924,25
3933,21
3935,25
3939,24
3942,22
3944,21
3948,26
3949,22
3950,22
3956,21
3960,21
3962,22
3964,21
3966,22
3967,21
3968,25
3973,21
3977,22
3982,21
3984,22
3985,22
3988,21
3989,22
3990,22
3991,25
3998,21
4003,21
4004,26
4008,24
4009,22
4013,24
4016,24
4025,23
4027,21
4028,21
4031,22
4032,26
4034,21
4038,21
4039,26
4042,23
4047,21
4048,22
4051,22
4052,24
4054,26
4056,21
4057,22
4061,22
4064,22
4065,26
4072,22
4073,21
4074,25
4076,21
4082,21
4084,21
4085,23
4086,25
4087,21
4092,22
4093,24
4094,25
4096,22
4101,24
4111,21
4115,21
4118,25
4122,21
4123,21
4126,22
4130,21
4134,26
4140,22
4147,24
4149,21
4150,23
4155,21
4156,21
4159,21
4160,25
4162,21
4171,22
4175,22
4176,25
4180,26
4183,21
4188,21
4195,21
4199,21
4202,22
4205,22
4206,21
4208,21
4209,21
4213,21
4214,22
4215,21
4219,21
4228,25
4234,22
4236,21
4244,22
4248,21
4249,24
4250,22
4254,21
4256,22
4258,21
4259,22
4262,25
4264,25
4265,24
4270,22
4271,21
4272,22
4278,25
4281,21
4282,23
4284,22
4285,22
4286,22
4287,22
4288,22
4297,22
4298,26
4300,21
4301,22
4308,21
4316,21
4320,26
4323,21
4325,21
4335,27
4338,22
4340,25
4341,22
4342,21
4346,21
4349,21
4357,21
4358,21
4359,25
4360,21
4366,21
4367,24
4370,21
4371,22
4372,21
4377,24
4380,21
4382,21
4386,23
4390,21
4395,26
4396,22
4399,22
4408,22
4410,25
4412,21
4413,21
4414,26
4419,24
4420,22
4421,22
4423,23
4425,21
4426,22
4428,21
4430,24
4431,21
4433,26
4434,21
4437,24
4438,21
4441,21
4443,22
4451,21
4453,22
4455,22
4457,21
4458,27
4459,25
4465,22
4467,21
4470,21
4471,26
4475,22
4480,24
4481,25
4486,22
4495,21
4496,22
4497,22
4503,21
4513,22
4515,21
4517,23
4518,22
4520,21
4521,21
4522,21
4526,22
4531,25
4533,21
4539,21
4541,21
4547,25
4549,24
4559,21
4560,21
4564,21
4566,21
4571,21
4572,22
4575,23
4576,22
4579,21
4582,26
4585,24
4588,22
4590,21
4597,21
4601,21
4603,21
4606,22
4609,22
4611,26
4615,23
4618,21
4621,21
4622,24
4625,23
4626,22
4629,26
4631,21
4635,21
4638,22
4641,25
4642,26
4649,21
4650,21
4653,21
4660,21
4664,21
4668,26
4669,21
4674,22
4675,22
4676,25
4681,21
4686,21
4687,21
4691,25
4692,21
4695,22
4696,21
4704,21
4705,25
4707,22
4711,25
4715,22
4716,21
4720,21
4724,23
4726,21
4727,25
4729,22
4731,24
4733,26
4742,22
4743,23
4746,21
4747,21
4755,23
4758,22
4761,25
4770,23
4772,22
4777,21
4778,21
4783,21
4789,26
4794,22
4797,24
4800,26
4809,21
4812,21
4820,22
4825,21
4826,22
4828,25
4831,22
4832,21
4833,21
4836,21
4840,25
4842,21
4843,21
4846,21
4848,24
4850,22
4851,22
4856,21
4859,22
4860,21
4861,21
4864,22
4870,21
4871,22
4874,21
4876,21
4878,21
4881,26
4883,21
4884,21
4888,21
4890,22
4894,22
4897,21
4903,22
4905,21
4906,22
4909,24
4912,21
4914,21
4915,22
4917,22
4921,27
4922,21
4923,22
4927,25
4929,25
4931,21
4932,23
4936,22
4937,21
4947,26
4948,25
4951,21
4955,21
4956,21
4959,21
4960,21
4962,21
4965,21
4968,21
4972,26
4974,24
4976,22
4979,24
4981,21
4988,25
4993,22
5005,21
5016,22
5017,21
5019,21
5020,21
5021,26
5023,21
5036,22
5038,23
5039,21
5042,22
5047,21
5052,23
5054,23
5058,26
5059,22
5062,31
5063,22
5067,25
5073,25
5077,21
5078,21
5079,22
5080,22
5083,21
5092,22
5095,21
5100,24
5102,26
5105,22
5110,23
5111,22
5112,25
5113,22
5122,22
5124,25
5127,25
5128,25
5129,21
5136,22
5141,22
5143,24
5144,21
5145,21
5150,21
5153,22
5157,25
5164,21
5168,24
5172,22
5173,22
5177,21
5182,25
5184,21
5192,21
5193,22
5194,21
5197,22
5202,21
5206,21
5208,22
5209,26
5212,26
5213,21
5214,22
5218,21
5222,21
5224,21
5227,21
5228,21
5244,24
5250,21
5251,21
5252,21
5257,21
5258,21
5265,21
5268,21
5270,21
5277,24
5278,23
5279,21
5281,26
5283,21
5291,22
5295,26
5298,24
5302,21
5304,22
5307,22
5314,21
5319,21
5320,24
5324,21
5329,22
5331,23
5336,21
5338,26
5339,22
5341,23
5344,22
5345,21
5348,21
5351,22
5357,21
5362,24
5364,21
5367,23
5368,22
5369,21
5371,25
5374,22
5378,21
5381,25
5383,21
5386,22
5388,22
5389,21
5391,21
5392,25
5397,24
5398,21
5403,21
5406,21
5408,21
5410,21
5411,21
5412,21
5413,21
5416,26
5418,21
5420,21
5426,22
5427,25
5432,22
5435,22
5439,23
5442,22
5443,21
5450,21
5451,22
5455,25
5466,22
5467,22
5471,21
5473,26
5475,23
5478,21
5479,21
5480,24
5483,21
5484,22
5487,22
5489,26
5491,22
5495,22
5500,21
5501,21
5507,21
5510,24
5512,21
5515,21
5516,22
5521,22
5524,21
5527,21
5528,24
5530,22
5537,25
5538,25
5540,22
5543,22
5545,23
5546,23
5554,21
5555,24
5557,22
5560,21
5561,21
5568,22
5569,21
5570,22
5573,21
5579,22
5584,21
5585,21
5587,22
5589,23
5590,22
5592,21
5593,23
5596,21
5597,21
5598,24
5606,22
5609,22
5610,22
5611,21
5613,22
5614,24
5615,22
5617,24
5618,22
5621,22
5627,21
5629,21
5630,22
5634,21
5640,22
5646,21
5647,25
5649,21
5655,22
5660,21
5661,22
5665,22
5670,22
5678,21
5679,22
5680,24
5684,21
5687,21
5688,21
5689,23
5698,21
5699,24
5702,24
5709,24
5710,26
5712,26
5714,22
5718,25
5719,25
5723,22
5725,22
5732,21
5736,22
5737,22
5741,22
5744,22
5750,21
5751,22
5753,22
5755,21
5756,25
5757,22
5758,24
5761,24
5768,21
5769,25
5771,24
5772,24
5774,21
5775,21
5777,21
5778,22
5779,22
5783,26
5785,22
5786,22
5787,21
5788,21
5797,27
5799,21
5803,22
5804,25
5805,24
5808,25
5809,21
5812,21
5816,25
5817,22
5818,21
5829,21
5831,26
5834,25
5835,25
5840,22
5845,22
5848,22
5851,21
5854,24
5856,22
5864,21
5865,21
5868,22
5873,25
5874,22
5879,22
5884,23
5888,21
5902,21
5904,21
5912,22
5917,21
5919,21
5921,21
5922,23
5923,22
5925,21
5928,23
5930,22
5938,21
5940,22
5941,22
5943,25
5946,22
5951,21
5956,25
5960,21
5963,21
5965,22
5967,21
5970,23
5975,23
5977,25
5978,25
5984,22
5988,25
5991,22
5992,21
5997,27
6006,21
6008,21
6009,21
6010,21
6012,22
6015,21
6016,24
6017,25
6018,22
6021,21
6024,22
6029,21
6037,21
6042,25
6043,22
6048,25
6049,24
6056,26
6058,25
6062,21
6064,29
6065,21
6067,23
6071,23
6073,24
6074,21
6083,21
6089,21
6090,21
6100,21
6102,25
6103,21
6105,22
6107,21
6114,23
6118,21
6121,21
6123,22
6125,27
6128,22
6129,21
6131,21
6132,21
6135,21
6137,21
6139,22
6142,22
6143,23
6145,22
6149,21
6155,21
6156,26
6157,23
6158,26
6164,26
6173,21
6174,21
6175,21
6180,25
6181,21
6192,22
6193,25
6197,21
6200,21
6204,21
6205,21
6206,21
6209,21
6215,21
6221,22
6222,22
6223,21
6225,25
6226,22
6229,26
6234,21
6238,22
6239,21
6240,21
6241,26
6243,26
6244,22
6247,25
6250,22
6254,21
6255,21
6261,24
6262,25
6265,21
6268,23
6270,21
6274,22
6279,22
6280,21
6287,25
6290,26
6293,22
6297,22
6298,21
6299,21
6304,21
6306,25
6308,22
6310,22
6311,21
6312,21
6313,26
6316,22
6318,21
6322,21
6329,21
6334,21
6336,21
6343,21
6345,26
6346,24
6347,21
6348,22
6349,21
6358,25
6361,23
6362,21
6366,21
6367,25
6369,22
6370,26
6375,24
6376,21
6378,21
6380,26
6381,24
6382,25
6384,21
6385,25
6395,22
6399,22
6400,21
6404,22
6407,22
6408,21
6410,21
6413,26
6415,21
6419,23
6420,21
6422,22
6426,21
6427,21
6430,21
6431,22
6435,25
6437,22
6438,22
6440,22
6442,22
6443,21
6446,22
6449,22
6453,25
6454,22
6456,21
6464,21
6467,22
6468,21
6474,21
6476,25
6477,22
6479,21
6480,25
6482,22
6483,21
6489,21
6491,22
6494,21
6495,21
6498,21
6500,21
6501,21
6504,22
6509,24
6511,21
6514,21
6518,21
6519,21
6520,21
6521,21
6522,22
6523,21
6528,21
6538,23
6539,22
6542,21
6548,21
6550,21
6558,22
6559,26
6560,24
6561,25
6563,21
6566,21
6569,21
6578,21
6581,21
6585,22
6588,21
6597,26
6603,21
6606,26
6611,21
6613,25
6614,21
6617,22
6623,23
6625,21
6627,25
6628,22
6633,26
6640,25
6644,21
6646,22
6647,26
6649,22
6650,22
6651,22
6655,24
6658,21
6661,22
6662,25
6663,22
6664,21
6665,22
6668,21
6670,21
6673,21
6678,21
6679,21
6685,23
6688,22
6697,24
6701,21
6704,21
6705,21
6710,22
6711,21
6712,22
6719,21
6721,23
6722,22
6731,21
6739,21
6743,21
6744,22
6748,22
6750,21
6751,22
6762,21
6767,25
6771,22
6773,21
6785,22
6786,21
6789,21
6793,24
6794,26
6799,25
6805,24
6806,22
6812,21
6815,21
6816,22
6819,21
6821,21
6822,22
6823,22
6824,21
6828,21
6835,24
6840,21
6844,22
6845,22
6848,23
6856,21
6859,21
6861,21
6864,22
6868,21
6869,22
6870,22
6874,21
6877,21
6879,22
6880,21
6886,22
6887,25
6890,21
6891,21
6892,21
6894,22
6895,21
6899,21
6904,21
6911,21
6913,22
6916,21
6919,22
6920,21
6921,21
6924,21
6927,24
6936,26
6939,26
6942,22
6944,25
6947,22
6949,22
6950,24
6952,21
6953,22
6961,21
6972,21
6974,21
6975,21
6978,21
6979,22
6980,25
6985,22
6991,25
6992,21
6994,26
7004,21
7009,21
7010,21
7011,23
7017,21
7018,21
7021,25
7022,21
7030,25
7036,21
7037,21
7038,23
7040,21
7042,22
7043,22
7045,21
7046,22
7058,21
7062,22
7063,24
7071,21
7073,21
7081,22
7088,22
7089,22
7090,22
7096,21
7102,21
7104,21
7106,21
7108,21
7109,21
7110,21
7111,25
7112,25
7113,21
7114,21
7119,26
7122,24
7125,26
7132,21
7138,22
7143,24
7145,21
7148,24
7149,21
7157,21
7159,23
7169,21
7171,27
7173,21
7174,24
7177,21
7178,26
7180,22
7185,21
7186,25
7188,26
7194,22
7195,21
7197,23
7201,22
7207,21
7208,22
7217,23
7225,22
7235,22
7239,25
7241,21
7244,26
7248,22
7257,21
7259,21
7260,21
7262,21
7266,22
7268,21
7275,21
7276,26
7277,24
7281,23
7283,26
7287,22
7290,21
7292,21
7298,21
7303,21
7304,23
7305,21
7306,22
7307,21
7308,22
7309,21
7312,25
7314,25
7315,22
7320,24
7327,21
7331,21
7332,25
7334,24
7336,21
7340,22
7341,26
7346,26
7350,24
7353,21
7360,25
7362,22
7363,21
7368,22
7369,21
7370,22
7371,24
7372,22
7374,21
7375,25
7376,21
7378,21
7379,21
7384,25
7385,22
7388,21
7395,21
7397,22
7399,21
7400,26
7401,25
7403,22
7404,21
7405,23
7408,24
7410,21
7412,22
7413,21
7415,23
7416,27
7417,21
7418,22
7424,21
7427,21
7428,21
7429,23
7430,26
7431,24
7433,26
7440,21
7445,21
7449,23
7452,21
7453,23
7456,21
7461,22
7462,22
7465,22
7470,21
7472,26
7476,22
7485,21
7489,21
7491,23
7494,21
7504,22
7510,22
7511,22
7519,25
7521,25
7522,21
7523,22
7531,21
7532,27
7534,22
7535,21
7536,21
7539,22
7542,26
7545,22
7546,24
7551,21
7552,24
7553,25
7554,25
7556,25
7561,26
7569,21
7571,21
7576,21
7585,21
7587,22
7588,22
7589,22
7591,22
7592,21
7594,23
7598,25
7599,26
7602,21
7608,22
7612,22
7614,22
7615,22
7619,22
7623,21
7628,25
7630,21
7634,24
7636,22
7637,21
7638,22
7639,22
7643,23
7648,21
7650,25
7655,22
7660,22
7661,21
7666,21
7667,21
7668,24
7671,21
7673,21
7678,23
7681,21
7685,22
7689,21
7694,21
7695,22
7702,21
7704,25
7706,22
7708,22
7710,21
7712,21
7714,21
7715,21
7721,21
7723,26
7725,22
7734,21
7744,22
7745,25
7750,22
7753,24
7757,21
7758,21
7760,22
7763,22
7764,22
7767,25
7771,26
7773,24
7774,21
7776,22
7777,25
7780,21
7781,21
7785,21
7792,24
7803,21
7805,25
7808,21
7815,21
7819,21
7821,21
7826,25
7830,23
7833,25
7835,21
7837,21
7838,21
7844,21
7849,21
7850,24
7863,25
7864,26
7865,21
7870,21
7876,21
7879,21
7885,22
7886,26
7890,21
7892,21
7894,25
7896,21
7898,21
7901,22
7902,22
7903,22
7906,21
7907,21
7910,21
7912,22
7915,21
7925,26
7930,24
7931,21
7934,21
7936,26
7937,21
7940,26
7946,24
7947,21
7948,21
7950,25
7951,22
7953,21
7954,21
7959,21
7961,22
7967,21
7969,21
7971,21
7974,22
7981,21
7982,21
7983,26
7985,24
7986,25
7989,22
7992,24
7996,21
7997,26
8000,21
8003,21
8006,21
8012,23
8013,21
8014,22
8015,22
8020,24
8026,22
8027,21
8031,22
8033,24
8034,24
8035,21
8038,21
8040,21
8042,24
8043,23
8044,21
8045,23
8047,23
8048,21
8051,21
8052,21
8057,21
8059,23
8062,21
8063,22
8064,26
8066,26
8068,23
8069,21
8072,21
8073,21
8078,21
8080,25
8084,22
8091,22
8093,21
8094,23
8102,21
8106,25
8111,23
8112,21
8118,25
8119,24
8120,22
8123,22
8124,21
8125,21
8127,22
8129,22
8130,23
8135,23
8136,21
8141,21
8145,22
8148,24
8152,22
8155,22
8157,22
8164,21
8165,21
8167,21
8170,25
8171,22
8173,21
8177,21
8178,24
8179,22
8180,24
8182,23
8183,25
8185,23
8187,26
8192,21
8195,21
8203,21
8205,25
8208,25
8215,21
8216,22
8218,21
8221,21
8225,21
8227,24
8230,22
8233,21
8235,22
8236,25
8238,25
8240,21
8242,21
8246,25
8247,26
8252,22
8254,22
8255,25
8256,21
8258,21
8259,27
8260,24
8261,25
8262,21
8263,21
8264,22
8268,25
8269,21
8271,21
8277,22
8280,21
8281,21
8288,21
8289,21
8296,22
8299,26
8302,21
8305,22
8307,21
8308,22
8309,26
8310,22
8314,21
8315,21
8319,21
8322,22
8327,21
8334,21
8337,21
8340,21
8345,25
8351,23
8353,21
8357,21
8359,21
8360,21
8361,24
8368,22
8376,21
8378,22
8382,21
8386,21
8388,22
8401,21
8404,22
8405,21
8406,25
8407,22
8408,21
8409,21
8412,21
8413,26
8415,25
8426,21
8428,21
8429,21
8439,22
8442,22
8446,21
8448,22
8449,21
8451,25
8453,21
8454,29
8461,21
8462,24
8463,22
8468,21
8469,22
8470,25
8475,23
8477,25
8479,21
8482,22
8485,26
8486,23
8488,21
8494,21
8496,22
8498,22
8500,26
8506,22
8509,22
8517,22
8519,22
8520,22
8522,22
8523,26
8524,22
8527,21
8528,23
8530,21
8534,23
8535,22
8536,22
8539,21
8540,21
8543,21
8544,21
8546,21
8548,21
8549,22
8551,21
8553,24
8557,21
8561,25
8564,26
8565,22
8569,22
8575,21
8579,24
8582,22
8584,22
8586,22
8588,22
8590,21
8593,22
8597,23
8599,22
8601,21
8604,25
8605,25
8609,23
8612,25
8615,25
8616,21
8617,22
8618,22
8627,21
8632,21
8635,21
8640,25
8642,24
8643,24
8644,22
8645,21
8649,21
8652,23
8654,22
8656,21
8664,21
8670,21
8685,21
8698,22
8699,21
8706,25
8707,24
8710,21
8714,21
8718,22
8719,21
8722,22
8723,22
8725,21
8729,21
8736,21
8738,22
8740,24
8741,22
8742,22
8746,22
8747,21
8749,22
8751,21
8755,25
8758,21
8761,22
8765,23
8766,24
8772,22
8773,21
8776,22
8778,22
8780,21
8781,25
8783,21
8784,21
8790,21
8792,21
8793,25
8803,22
8804,21
8806,21
8810,22
8815,21
8816,24
8818,21
8819,26
8822,21
8823,21
8827,22
8830,21
8840,24
8848,21
8851,26
8853,21
8855,22
8857,21
8858,21
8859,24
8860,26
8866,23
8869,22
8871,22
8875,26
8876,21
8879,22
8880,23
8884,22
8890,25
8892,21
8893,24
8895,24
8897,21
8898,22
8900,22
8901,22
8903,21
8904,21
8906,21
8907,22
8909,21
8912,25
8913,21
8914,21
8924,22
8937,24
8938,21
8939,23
8945,21
8947,22
8951,24
8956,22
8957,22
8962,22
8963,22
8964,22
8965,21
8967,25
8969,22
8970,21
8973,22
8974,21
8975,22
8979,22
8981,21
8985,21
8994,21
8995,21
8996,21
8997,25
9004,24
9013,26
9014,21
9016,22
9017,21
9024,22
9026,21
9027,21
9030,21
9038,22
9039,21
9044,21
9047,22
9048,22
9049,24
9052,24
9056,25
9061,22
9062,21
9064,25
9065,21
9068,21
9070,21
9071,22
9078,22
9080,27
9081,26
9083,26
9084,24
9090,21
9092,21
9093,22
9103,21
9105,21
9106,26
9108,21
9109,21
9117,22
9118,21
9119,21
9124,21
9131,21
9133,25
9134,21
9141,21
9146,21
9147,21
9148,21
9151,26
9153,21
9163,21
9168,23
9179,25
9181,21
9186,22
9191,25
9192,21
9197,21
9198,21
9199,21
9200,21
9205,22
9207,22
9208,21
9211,22
9220,25
9228,21
9233,25
9234,21
9235,21
9238,21
9239,22
9240,23
9241,22
9243,22
9244,22
9245,21
9253,21
9255,22
9263,22
9264,22
9265,21
9270,22
9271,25
9277,25
9280,21
9286,26
9295,25
9297,21
9298,24
9310,26
9311,21
9315,22
9316,21
9317,24
9318,21
9319,21
9322,26
9325,22
9328,26
9329,22
9336,22
9337,28
9338,21
9343,21
9344,21
9347,25
9350,22
9351,24
9354,26
9357,24
9362,27
9363,22
9365,22
9366,21
9367,22
9368,25
9372,25
9376,25
9385,21
9386,22
9387,23
9390,24
9391,21
9397,22
9399,25
9400,22
9401,21
9407,21
9416,22
9418,21
9419,25
9421,21
9422,21
9423,21
9424,23
9428,21
9429,26
9435,21
9436,21
9443,22
9446,22
9447,21
9453,21
9460,25
9464,24
9465,25
9466,21
9467,21
9469,21
9472,22
9473,21
9474,24
9475,21
9480,22
9483,22
9484,22
9489,25
9498,21
9499,22
9500,26
9504,25
9513,21
9517,26
9519,22
9520,26
9525,25
9527,21
9532,25
9533,21
9543,25
9547,23
9549,22
9550,22
9551,21
9552,21
9553,25
9559,22
9560,22
9561,22
9562,21
9563,23
9565,21
9568,22
9573,21
9574,21
9575,21
9576,28
9578,22
9580,23
9582,22
9591,21
9592,24
9593,25
9596,21
9597,21
9598,21
9599,22
9601,22
9605,21
9606,22
9609,21
9616,24
9617,27
9618,21
9619,23
9620,21
9624,24
9625,21
9629,21
9633,22
9634,25
9635,22
9637,22
9642,21
9644,24
9646,25
9655,26
9658,22
9660,26
9663,22
9666,22
9667,24
9668,23
9675,21
9679,21
9683,21
9686,21
9687,21
9692,22
9695,25
9699,21
9700,21
9704,21
9713,21
9714,27
9716,25
9723,22
9726,25
9728,22
9729,23
9735,21
9737,26
9738,21
9739,21
9741,25
9750,21
9752,21
9759,25
9760,21
9762,21
9763,23
9766,21
9767,22
9769,21
9775,21
9777,24
9789,22
9792,28
9793,21
9795,22
9803,24
9805,21
9806,22
9807,24
9814,22
9817,21
9819,22
9820,23
9822,22
9827,26
9831,22
9835,26
9836,22
9838,21
9846,25
9849,21
9850,22
9852,25
9864,21
9867,22
9869,26
9876,22
9883,21
9886,25
9888,24
9890,21
9891,21
9896,21
9898,21
9901,24
9918,21
9920,24
9922,21
9925,21
9927,24
9931,21
9932,23
9933,21
9943,26
9944,26
9948,24
9951,21
9964,21
9965,26
9971,22
9972,21
9973,21
9980,22
9981,21
9982,21
9983,23
9988,21
9990,25
9997,22
9998,22
10000,22
10001,22
10003,26
10006,22
10008,21
10010,22
10013,22
10014,22
10019,21
10023,23
10024,26
10027,23
10029,22
10030,25
10032,22
10039,24
10040,27
10044,22
10045,21
10048,25
10051,21
10054,21
10061,24
10062,26
10064,21
10065,21
10066,21
10068,21
10073,22
10079,22
10087,26
10088,24
10090,25
10096,21
10104,22
10107,25
10108,26
10109,22
10110,26
10112,21
10117,24
10118,21
10119,21
10120,26
10123,22
10129,21
10131,26
10134,23
10135,26
10137,22
10138,22
10139,22
10143,22
10144,23
10147,25
10153,22
10154,25
10156,21
10160,22
10164,23
10179,22
10183,26
10185,24
10187,21
10190,26
10194,22
10199,26
10200,22
10206,25
10207,25
10209,22
10210,22
10213,21
10214,22
10218,22
10229,23
10230,26
10231,21
10232,21
10234,21
10236,21
10238,21
10240,28
10241,23
10243,21
10244,25
10245,21
10246,25
10247,26
10250,22
10251,25
10252,23
10267,26
10270,22
10271,24
10273,22
10274,21
10275,25
10276,21
10281,21
10285,24
10288,21
10292,22
10293,22
10294,21
10300,22
10303,21
10307,21
10308,21
10313,22
10314,21
10321,21
10327,21
10329,21
10331,22
10334,21
10342,25
10343,22
10345,21
10348,26
10350,22
10354,21
10355,23
10356,22
10358,21
10359,26
10361,21
10363,22
10368,21
10373,21
10377,21
10379,24
10380,23
10384,22
10386,24
10387,21
10389,21
10390,21
10391,23
10396,25
10397,21
10398,21
10399,24
10400,25
10402,22
10409,22
10411,21
10414,21
10418,21
10420,21
10422,22
10428,21
10429,22
10430,21
10433,22
10434,21
10436,22
10437,25
10440,22
10441,22
10443,25
10445,21
10446,22
10447,23
10448,26
10451,24
10452,21
10453,21
10455,26
10457,22
10463,21
10464,22
10466,21
10468,21
10471,22
10472,21
10473,22
10474,22
10475,22
10485,21
10487,22
10500,21
10506,22
10508,22
10509,26
10510,21
10519,21
10520,23
10521,22
10527,22
10532,25
10534,24
10535,21
10537,25
10540,21
10543,22
10549,22
10550,23
10554,22
10557,21
10560,21
10562,21
10567,22
10570,21
10575,24
10576,22
10578,21
10580,21
10582,21
10583,25
10591,21
10595,22
10596,22
10598,21
10600,21
10603,21
10606,21
10608,21
10610,21
10611,24
10615,22
10629,22
10631,21
10641,21
10645,22
10655,22
10656,27
10658,24
10659,22
10663,22
10664,22
10665,22
10670,21
10672,23
10676,21
10681,21
10684,22
10685,21
10686,25
10687,21
10695,26
10700,21
10702,22
10713,26
10716,21
10717,22
10722,21
10723,21
10724,21
10730,25
10733,22
10736,22
10740,21
10745,21
10746,26
10753,21
10755,24
10759,26
10762,22
10763,22
10765,21
10767,22
10769,21
10773,23
10777,21
10778,24
10781,23
10782,22
10786,22
10787,21
10788,21
10791,22
10793,21
10797,22
10799,21
10801,21
10802,21
10804,21
10805,24
10807,21
10812,21
10829,21
10833,26
10834,21
10838,22
10844,21
10845,21
10847,21
10864,25
10869,21
10870,21
10871,21
10877,22
10878,21
10884,21
10888,22
10889,21
10890,21
10893,22
10897,21
10900,22
10904,21
10908,26
10910,23
10911,22
10915,22
10916,21
10921,23
10923,21
10930,21
10931,22
10932,22
10933,22
10938,27
10941,22
10942,21
10944,25
10945,21
10947,21
10952,22
10953,21
10956,21
10957,21
10967,21
10969,21
10972,25
10974,21
10979,22
10982,21
10985,22
10988,21
10990,24
10996,22
10998,25
11000,22
11002,21
11007,21
11008,21
11009,26
11010,22
11012,23
11014,24
11015,21
11016,21
11017,22
11032,25
11034,21
11035,21
11036,22
11043,21
11047,25
11048,21
11049,21
11050,22
11055,22
11060,22
11061,23
11062,22
11063,23
11064,22
11066,24
11067,23
11069,21
11073,26
11075,24
11086,24
11090,21
11093,21
11094,21
11100,25
11102,22
11105,26
11107,21
11108,21
11118,21
11121,21
11122,22
11126,22
11127,22
11130,22
11131,21
11132,21
11133,22
11139,21
11142,21
11147,24
11149,26
11154,23
11156,21
11157,26
11161,25
11164,25
11167,23
11168,21
11170,21
11172,25
11173,22
11175,22
11178,21
11181,21
11182,21
11184,21
11185,21
11189,21
11198,23
11199,26
11203,22
11208,25
11209,21
11210,21
11211,21
11213,25
11219,24
11223,25
11228,21
11232,22
11234,22
11235,22
11238,21
11241,26
11245,22
11251,22
11252,22
11253,21
11256,21
11257,25
11258,23
11259,21
11263,26
11268,23
11269,23
11271,22
11277,21
11278,21
11289,21
11292,25
11294,21
11297,24
11299,25
11300,24
11304,21
11309,22
11317,22
11319,21
11320,24
11321,22
11324,21
11326,26
11329,22
11330,21
11331,21
11332,21
11335,25
11339,25
11341,24
11342,21
11343,25
11347,21
11349,21
11356,21
11358,25
11362,27
11364,24
11366,22
11372,22
11378,25
11380,21
11381,22
11383,22
11384,21
11385,21
11389,21
11390,21
11391,22
11393,21
11395,21
11400,22
11403,22
11408,22
11410,21
11412,22
11423,25
11430,21
11432,25
11433,21
11436,26
11437,22
11441,21
11443,22
11448,21
11451,25
11455,21
11457,27
11463,21
11464,21
11465,21
11477,21
11479,21
11485,22
11487,22
11490,21
11492,22
11493,25
11494,24
11498,23
11500,22
11502,23
11505,21
11506,21
11507,21
11509,22
11513,22
11514,21
11523,21
11527,21
11535,26
11537,22
11539,26
11540,26
11547,21
11548,21
11550,21
11552,21
11553,22
11555,21
11560,21
11561,22
11562,21
11573,21
11576,22
11580,22
11581,21
11589,21
11590,21
11600,22
11602,21
11611,24
11614,21
11625,21
11630,25
11634,22
11639,21
11640,26
11641,21
11642,25
11647,22
11648,21
11649,21
11654,21
11655,28
11657,21
11661,21
11665,22
11667,21
11671,25
11676,21
11677,21
11678,22
11685,21
11699,24
11702,25
11705,21
11709,24
11712,22
11715,21
11722,21
11731,21
11734,21
11736,22
11741,21
11745,22
11750,25
11751,22
11755,24
11758,21
11759,21
11761,24
11764,21
11765,21
11767,21
11769,27
11770,22
11771,22
11777,24
11778,21
11780,22
11781,21
11783,21
11786,25
11787,21
11789,21
11792,21
11797,22
11798,22
11804,22
11817,22
11818,21
11819,21
11820,22
11834,21
11835,21
11837,21
11838,22
11839,21
11841,21
11844,21
11847,21
11850,22
11855,22
11860,22
11865,21
11866,23
11870,21
11871,21
11876,21
11880,23
11881,21
11884,22
11886,22
11888,26
11889,23
11892,22
11894,21
11895,25
11897,22
11900,21
11901,23
11904,23
11907,22
11910,21
11911,21
11919,21
11922,22
11923,22
11924,21
11927,21
11929,21
11931,21
11933,22
11935,26
11945,24
11957,21
11958,21
11959,21
11962,23
11966,26
11968,26
11970,25
11971,21
11972,21
11974,21
11975,25
11991,23
11995,24
11996,23
11997,25
12002,21
12006,23
12008,21
12011,21
12016,22
12020,21
12021,21
12022,21
12024,21
12027,23
12029,22
12034,21
12036,21
12039,21
12041,21
12043,21
12044,21
12051,21
12055,24
12058,22
12059,22
12060,25
12061,22
12066,22
12067,23
12076,21
12077,21
12079,22
12081,22
12082,22
12084,24
12087,22
12091,22
12095,22
12096,23
12097,22
12104,22
12107,21
12108,21
12111,21
12112,21
12115,22
12120,22
12122,23
12123,21
12126,21
12127,25
12129,22
12132,21
12140,21
12147,22
12148,22
12150,22
12152,22
12154,21
12162,24
12166,21
12168,21
12171,22
12172,22
12175,21
12176,21
12177,21
12179,22
12180,22
12181,25
12182,21
12187,22
12191,26
12195,21
12197,23
12198,21
12200,22
12201,25
12203,27
12205,25
12206,26
12215,21
12218,23
12223,21
12225,21
12226,27
12227,22
12230,21
12231,21
12235,21
12236,21
12237,26
12238,21
12239,22
12241,22
12242,21
12244,21
12245,21
12251,21
12254,21
12256,22
12258,26
12262,21
12264,22
12266,22
12267,21
12268,25
12270,23
12271,25
12276,22
12277,25
12286,21
12290,25
12291,21
12292,23
12298,26
12300,21
12303,21
12309,21
12312,21
12316,21
12323,21
12325,23
12326,25
12330,23
12333,22
12334,21
12342,22
12347,22
12354,26
12356,25
12357,23
12360,21
12364,26
12370,21
12372,21
12373,28
12378,25
12381,23
12383,22
12393,21
12397,22
12399,21
12401,21
12403,23
12404,21
12406,21
12408,22
12409,22
12411,21
12412,22
12414,22
12426,25
12430,22
12440,22
12441,22
12445,21
12448,24
12449,24
12455,21
12458,26
12464,25
12467,23
12468,25
12474,21
12481,22
12482,25
12483,25
12485,25
12487,21
12489,21
12492,25
12493,22
12494,22
12495,21
12499,22
12500,26
12505,21
12509,21
12511,21
12514,23
12515,21
12517,22
12520,24
12522,21
12523,21
12525,22
12526,22
12529,24
12530,21
12532,21
12537,21
12540,21
12541,24
12543,22
12546,23
12547,21
12548,21
12558,24
12562,21
12565,22
12574,26
12576,25
12582,21
12583,21
12591,26
12608,23
12611,22
12612,21
12613,27
12617,25
12618,21
12619,21
12621,21
12622,24
12625,21
12631,21
12636,24
12643,22
12648,26
12653,23
12658,21
12659,22
12660,22
12663,21
12664,21
12671,21
12672,22
12674,22
12676,22
12677,22
12680,22
12685,21
12688,23
12690,22
12691,22
12695,22
12699,22
12705,23
12708,22
12709,22
12712,22
12716,25
12720,27
12721,22
12725,21
12726,26
12728,21
12729,23
12731,22
12732,23
12734,21
12735,22
12738,25
12743,21
12746,24
12749,21
12752,25
12755,22
12760,22
12766,25
12776,21
12784,21
12785,21
12786,21
12787,21
12788,21
12790,27
12794,21
12796,21
12799,23
12801,21
12805,21
12808,22
12809,22
12812,21
12816,22
12817,27
12818,23
12820,24
12828,22
12836,21
12838,22
12842,26
12843,24
12844,22
12853,21
12858,21
12859,26
12861,27
12862,25
12863,22
12864,21
12868,21
12870,21
12871,22
12873,28
12874,21
12876,21
12888,21
12896,21
12899,22
12900,21
12902,21
12906,24
12908,23
12911,21
12912,21
12915,22
12916,27
12921,21
12922,22
12926,22
12929,21
12930,23
12932,22
12934,22
12935,25
12943,22
12950,26
12951,26
12952,21
12954,26
12956,22
12959,22
12960,21
12961,22
12964,22
12967,26
12968,21
12971,21
12972,22
12973,21
12975,23
12976,21
12977,21
12978,21
12980,21
12982,26
12986,22
12991,22
12994,21
12995,21
12999,25
13001,22
13004,23
13006,21
13007,23
13010,21
13014,21
13015,27
13019,21
13029,22
13030,21
13032,22
13039,25
13040,26
13045,21
13047,21
13050,26
13055,25
13058,21
13063,26
13064,21
13067,25
13068,21
13072,21
13073,21
13074,23
13075,21
13079,22
13081,22
13082,21
13084,25
13087,21
13090,22
13104,22
13106,25
13107,22
13109,22
13113,26
13115,21
13116,21
13117,21
13119,21
13120,21
13135,28
13137,21
13138,25
13140,23
13141,21
13149,21
13151,27
13154,21
13159,21
13160,21
13163,22
13164,21
13165,21
13167,24
13169,22
13172,24
13177,27
13181,22
13187,21
13188,26
13193,21
13194,22
13196,21
13200,22
13207,26
13209,23
13211,21
13215,25
13217,24
13219,22
13223,21
13226,27
13231,21
13236,22
13239,25
13241,21
13244,21
13245,21
13250,21
13257,22
13258,22
13265,21
13267,21
13269,24
13271,24
13272,22
13277,21
13280,21
13281,21
13282,21
13284,21
13285,21
13288,21
13289,21
13295,21
13300,27
13301,24
13303,25
13305,22
13309,21
13311,21
13312,21
13314,22
13315,25
13318,22
13323,24
13324,21
13329,25
13333,24
13336,25
13339,31
13340,22
13344,27
13345,21
13352,21
13356,22
13357,21
13360,21
13366,24
13367,22
13370,23
13373,27
13375,22
13376,22
13379,21
13384,23
13385,22
13396,21
13404,24
13405,21
13409,22
13411,22
13412,22
13413,21
13414,21
13416,21
13418,21
13419,25
13420,21
13422,22
13426,21
13435,21
13436,21
13443,25
13447,25
13451,21
13455,21
13457,21
13460,22
13461,21
13462,21
13465,26
13467,25
13469,26
13473,22
13476,25
13478,21
13481,22
13490,25
13492,21
13497,24
13498,22
13499,26
13500,25
13501,21
13505,22
13509,25
13513,21
13514,21
13519,22
13520,26
13521,21
13523,21
13527,25
13531,22
13538,25
13542,26
13547,21
13552,22
13556,21
13557,22
13560,22
13561,25
13562,22
13568,21
13571,22
13573,21
13574,21
13582,22
13583,21
13585,21
13587,21
13594,22
13597,25
13601,21
13602,22
13604,25
13607,24
13608,22
13613,22
13616,21
13618,21
13624,27
13625,22
13628,21
13630,21
13632,22
13633,21
13637,24
13638,21
13642,21
13643,21
13649,22
13650,22
13651,25
13655,21
13656,22
13657,21
13658,21
13663,26
13667,25
13674,22
13678,24
13680,21
13681,26
13691,23
13695,22
13698,21
13699,22
13703,21
13706,21
13708,22
13711,21
13713,26
13715,21
13717,22
13720,22
13723,22
13724,22
13725,22
13726,23
13728,26
13731,21
13733,21
13734,23
13735,23
13737,21
13738,22
13740,22
13742,25
13747,21
13748,21
13751,22
13755,24
13756,22
13758,25
13761,21
13763,22
13765,26
13767,25
13776,21
13779,22
13784,26
13785,21
13787,21
13790,21
13795,21
13796,22
13800,26
13801,25
13802,25
13803,23
13805,22
13806,26
13809,22
13814,21
13816,22
13817,26
13818,21
13819,25
13821,23
13823,26
13829,21
13832,22
13834,22
13835,21
13836,21
13840,22
13841,21
13843,21
13848,21
13851,22
13853,21
13858,21
13859,24
13861,22
13862,21
13864,22
13867,21
13869,21
13870,24
13874,21
13878,21
13880,21
13891,21
13893,21
13896,21
13898,21
13901,21
13904,21
13908,25
13910,21
13911,21
13912,22
13914,24
13917,22
13919,22
13920,21
13921,22
13923,22
13924,21
13927,24
13928,22
13929,25
13935,21
13939,24
13941,26
13943,21
13945,22
13946,21
13948,21
13951,22
13958,21
13960,21
13961,21
13963,21
13965,21
13968,21
13976,21
13977,22
13978,21
13979,24
13980,23
13984,22
13989,22
13992,21
13993,25
13997,24
13999,26
14004,21
14005,24
14011,24
14013,22
14018,25
14020,22
14024,21
14026,21
14028,21
14033,21
14035,21
14039,22
14043,21
14045,21
14048,21
14050,22
14063,27
14064,22
14071,25
14073,22
14077,26
14078,22
14080,21
14082,21
14094,22
14098,22
14107,23
14109,21
14110,25
14112,25
14114,21
14122,22
14126,23
14129,22
14133,21
14139,21
14142,26
14146,21
14147,22
14148,21
14149,24
14154,25
14158,21
14159,21
14160,21
14163,21
14169,21
14186,21
14187,24
14189,22
14193,21
14195,21
14196,21
14201,25
14203,22
14210,26
14212,27
14213,24
14215,26
14218,21
14219,21
14220,22
14223,21
14226,25
14227,21
14228,21
14230,24
14232,26
14235,25
14242,22
14243,21
14245,25
14253,22
14259,22
14261,21
14268,21
14270,21
14272,21
14276,21
14277,25
14280,22
14281,22
14284,21
14285,21
14288,22
14293,21
14296,21
14298,22
14304,21
14307,21
14308,21
14309,22
14310,26
14311,21
14313,21
14319,22
14325,23
14327,21
14332,22
14339,25
14341,21
14342,22
14351,25
14352,21
14353,25
14356,22
14359,21
14362,22
14363,21
14374,22
14375,25
14382,21
14383,21
14384,22
14385,24
14386,21
14388,21
14390,21
14392,22
14393,21
14395,21
14408,21
14413,21
14414,21
14417,21
14418,21
14420,23
14422,23
14424,22
14426,21
14427,21
14430,21
14431,21
14432,21
14433,26
14436,27
14441,27
14442,22
14444,22
14446,22
14451,23
14453,22
14456,22
14459,22
14461,21
14462,22
14463,22
14467,21
14469,27
14470,25
14477,21
14479,24
14485,21
14488,24
14496,22
14497,26
14499,22
14504,23
14505,25
14512,21
14518,25
14519,22
14525,21
14526,22
14527,21
14533,22
14534,21
14535,21
14539,21
14541,22
14542,22
14543,25
14548,21
14552,21
14557,21
14559,21
14560,21
14569,22
14574,21
14575,25
14578,27
14579,22
14580,21
14584,26
14591,21
14595,22
14598,26
14601,21
14604,25
14607,21
14611,25
14613,22
14615,21
14617,22
14628,21
14630,22
14632,24
14636,22
14638,22
14640,21
14643,21
14644,22
14649,23
14650,22
14656,26
14657,21
14659,21
14661,21
14664,22
14668,23
14673,21
14674,21
14675,22
14677,21
14680,25
14684,24
14685,21
14686,22
14689,22
14691,21
14692,22
14693,22
14698,21
14702,21
14703,25
14705,21
14708,27
14710,27
14711,24
14713,25
14717,21
14718,21
14722,21
14724,26
14728,22
14730,21
14735,21
14736,26
14738,22
14741,23
14742,21
14743,22
14745,24
14749,21
14750,25
14752,21
14754,22
14756,21
14757,22
14758,22
14759,22
14763,22
14765,25
14766,21
14767,24
14768,24
14769,21
14771,21
14776,22
14781,27
14782,21
14784,22
14787,22
14790,22
14799,21
14801,21
14807,24
14808,25
14809,23
14812,21
14813,22
14814,21
14815,21
14822,21
14824,22
14825,23
14826,21
14827,21
14830,25
14831,21
14834,22
14836,22
14837,27
14839,26
14840,25
14844,21
14846,24
14849,21
14850,22
14852,22
14853,21
14857,22
14859,22
14860,21
14866,23
14867,25
14873,21
14876,21
14877,22
14879,21
14880,22
14882,25
14887,25
14890,21
14892,23
14898,24
14899,22
14900,25
14902,22
14906,21
14908,24
14910,21
14919,24
14920,22
14921,25
14922,22
14926,21
14930,22
14933,21
14936,21
14941,22
14943,24
14947,21
14953,21
14955,25
14956,21
14957,21
14959,21
14963,22
14971,23
14973,26
14983,21
14984,22
14986,22
14992,21
14996,25
14999,21
15003,25
15004,22
15009,22
15011,23
15019,22
15021,21
15024,21
15032,21
15034,21
15038,21
15039,21
15046,22
15052,22
15053,22
15054,26
15059,22
15060,21
15062,21
15065,25
15066,21
15070,21
15074,26
15076,23
15077,22
15079,25
15081,21
15084,21
15085,21
15089,21
15090,21
15093,21
15097,25
15101,21
15104,22
15105,22
15107,26
15108,25
15109,21
15110,25
15112,23
15117,21
15121,25
15122,22
15124,26
15125,25
15126,25
15128,22
15130,21
15140,21
15144,22
15146,21
15147,22
15148,21
15150,21
15151,22
15156,21
15166,21
15167,24
15168,22
15172,24
15173,21
15174,21
15178,21
15183,24
15190,23
15191,22
15193,24
15194,25
15195,25
15197,21
15203,22
15206,22
15208,22
15209,22
15212,21
15216,22
15217,27
15222,21
15223,22
15224,26
15226,22
15227,25
15230,21
15238,21
15240,24
15241,21
15243,21
15246,21
15248,22
15249,22
15251,22
15254,26
15256,21
15258,27
15260,22
15262,21
15264,22
15275,21
15280,21
15284,21
15286,25
15289,22
15302,21
15311,22
15316,21
15325,22
15329,22
15335,21
15344,23
15350,21
15351,21
15353,23
15354,22
15360,21
15362,21
15363,21
15368,21
15373,21
15375,22
15376,22
15378,22
15382,26
15383,26
15389,21
15390,26
15392,22
15395,22
15396,24
15403,22
15407,21
15409,21
15411,21
15413,22
15417,25
15418,25
15419,25
15427,22
15431,27
15433,26
15435,26
15441,22
15442,23
15444,22
15445,21
15446,22
15449,24
15452,21
15454,22
15458,22
15463,25
15465,21
15467,21
15468,21
15474,26
15479,21
15481,22
15484,22
15486,21
15490,23
15493,21
15501,21
15503,21
15507,26
15510,24
15513,24
15515,21
15516,22
15518,21
15525,22
15526,26
15527,26
15529,26
15532,21
15539,25
15540,22
15541,21
15543,22
15544,21
15545,26
15548,21
15551,24
15553,22
15556,21
15557,21
15560,26
15562,21
15564,21
15568,21
15570,21
15571,22
15575,21
15576,21
15578,22
15585,21
15586,22
15588,22
15590,22
15592,21
15597,21
15605,21
15607,22
15608,21
15609,21
15610,24
15615,26
15628,26
15629,21
15631,21
15632,21
15635,25
15636,21
15647,21
15648,21
15649,25
15658,22
15659,24
15661,26
15663,24
15665,21
15667,22
15668,21
15670,22
15672,24
15676,22
15679,22
15680,23
15686,23
15690,25
15693,21
15694,23
15697,21
15700,26
15704,25
15706,22
15708,22
15709,25
15717,22
15720,23
15725,21
15729,22
15730,26
15733,22
15734,21
15738,22
15739,21
15743,21
15744,21
15750,21
15753,22
15754,21
15756,22
15759,25
15761,21
15762,22
15764,26
15765,21
15770,22
15771,22
15772,22
15776,21
15777,23
15778,26
15783,21
15785,23
15786,23
15791,21
15798,23
15799,21
15804,21
15807,26
15811,21
15812,22
15817,21
15821,25
15822,26
15825,25
15828,21
15830,22
15836,21
15841,22
15842,21
15849,22
15851,22
15853,22
15854,26
15855,22
15858,21
15860,22
15862,22
15864,21
15868,23
15869,22
15870,22
15871,22
15873,22
15874,21
15875,21
15886,21
15893,21
15895,21
15897,21
15900,22
15901,22
15903,22
15905,21
15906,21
15907,21
15908,21
15910,22
15912,22
15913,26
15915,25
15918,25
15921,22
15923,21
15929,25
15943,22
15951,21
15956,24
15963,22
15966,25
15969,21
15973,23
15975,22
15978,22
15979,22
15984,24
15985,24
15986,25
15989,22
15992,23
15996,21
15998,21
16000,21
16002,26
16005,22
16007,21
16010,22
16011,25
16012,22
16015,22
16016,22
16018,24
16023,21
16026,22
16030,21
16031,21
16032,25
16034,21
16035,21
16041,21
16043,26
16048,25
16050,26
16053,22
16054,25
16055,27
16056,21
16065,21
16066,23
16067,21
16071,21
16075,22
16083,22
16092,21
16095,22
16096,21
16098,21
16101,22
16102,22
16104,26
16110,22
16113,27
16114,21
16115,22
16116,21
16121,23
16127,24
16131,23
16135,21
16138,21
16139,24
16140,24
16141,24
16142,23
16145,21
16146,21
16150,24
16154,21
16157,22
16158,21
16160,22
16161,21
16165,22
16166,24
16167,25
16179,21
16180,24
16181,21
16185,21
16191,22
16193,21
16195,21
16199,21
16202,21
16203,22
16204,21
16205,21
16209,21
16211,26
16212,27
16218,25
16228,22
16229,22
16231,21
16234,22
16235,26
16239,21
16240,25
16244,21
16251,21
16252,26
16253,25
16255,21
16256,23
16258,21
16263,21
16265,21
16270,21
16272,21
16275,21
16276,21
16277,21
16279,21
16280,22
16282,21
16283,22
16286,25
16288,24
16289,21
16290,21
16292,22
16293,21
16294,25
16300,22
16301,22
16310,21
16312,21
16314,21
16315,26
16317,22
16318,21
16320,21
16322,21
16323,21
16325,21
16326,21
16327,23
16330,22
16331,21
16337,21
16345,22
16347,22
16348,22
16355,25
16356,21
16357,21
16361,25
16362,22
16364,22
16367,22
16368,21
16369,23
16371,21
16373,21
16374,21
16382,25
16386,22
16389,21
16401,21
16402,25
16403,22
16406,21
16409,21
16411,25
16412,24
16415,23
16418,21
16421,22
16423,22
16428,25
16432,27
16434,22
16439,21
16440,24
16443,22
16446,21
16449,21
16451,22
16452,21
16454,22
16456,26
16460,25
16461,24
16464,26
16469,21
16475,21
16476,25
16478,22
16484,21
16487,21
16489,24
16494,21
16495,21
16502,21
16505,23
16506,21
16508,22
16510,21
16514,22
16515,21
16516,24
16517,22
16519,22
16520,21
16521,21
16532,21
16535,24
16537,21
16544,24
16548,21
16551,22
16553,22
16554,24
16556,26
16557,26
16562,21
16565,21
16566,22
16572,22
16573,21
16576,25
16578,22
16579,22
16581,21
16584,22
16586,22
16588,21
16592,23
16593,26
16596,21
16598,21
16601,26
16602,23
16607,22
16610,26
16611,21
16612,25
16613,21
16619,21
16626,21
16628,25
16629,23
16630,22
16632,22
16633,21
16634,22
16637,22
16641,25
16643,25
16644,24
16645,25
16646,22
16647,21
16650,27
16655,21
16658,23
16661,25
16670,21
16671,24
16673,21
16677,21
16679,22
16683,25
16686,22
16691,21
16698,21
16704,21
16706,25
16708,22
16709,21
16710,22
16715,21
16719,24
16721,21
16722,25
16726,21
16731,21
16732,21
16737,25
16738,22
16743,21
16744,21
16747,22
16748,24
16749,24
16751,22
16753,25
16756,23
16757,24
16760,21
16761,21
16763,22
16765,23
16771,23
16772,22
16775,25
16776,24
16778,22
16784,21
16785,21
16786,21
16788,22
16791,22
16796,21
16797,24
16798,24
16802,22
16803,22
16808,21
16812,21
16813,26
16814,25
16821,24
16823,22
16827,21
16830,21
16831,25
16833,22
16834,21
16838,21
16839,21
16843,21
16846,22
16848,22
16849,22
16853,23
16856,22
16859,21
16863,24
16864,22
16865,22
16867,22
16876,25
16878,21
16883,21
16887,26
16889,26
16890,22
16892,25
16894,22
16895,21
16897,25
16898,23
16904,21
16906,27
16912,21
16921,22
16922,21
16927,21
16930,21
16931,21
16935,26
16940,22
16941,21
16942,21
16944,22
16945,22
16947,21
16948,21
16950,24
16952,22
16953,24
16956,21
16957,21
16958,21
16959,21
16960,21
16963,22
16964,26
16965,22
16968,27
16969,22
16971,21
16974,21
16976,25
16979,26
16984,23
16989,25
16991,26
16999,26
17003,25
17005,21
17007,26
17009,25
17010,21
17012,21
17015,26
17016,22
17019,21
17031,22
17035,22
17039,24
17042,21
17043,26
17050,21
17051,21
17052,22
17053,22
17054,21
17056,22
17059,22
17062,22
17063,21
17066,21
17072,21
17074,25
17078,21
17079,21
17082,21
17083,21
17088,21
17089,26
17090,21
17092,21
17094,21
17096,25
17100,21
17101,21
17107,21
17108,21
17110,21
17112,22
17116,22
17117,21
17121,22
17132,26
17136,21
17139,26
17140,23
17142,22
17146,22
17150,21
17151,21
17153,22
17154,22
17155,21
17157,21
17165,25
17166,25
17168,21
17169,22
17173,21
17175,21
17187,22
17191,21
17192,21
17193,23
17207,21
17210,21
17214,22
17218,21
17224,21
17227,21
17231,21
17232,21
17235,21
17238,26
17239,22
17241,21
17244,25
17247,24
17249,25
17254,23
17256,22
17257,21
17259,21
17260,21
17261,21
17264,21
17270,22
17271,21
17272,24
17275,24
17281,22
17282,21
17289,21
17294,21
17295,22
17296,26
17297,21
17298,23
17299,29
17319,24
17321,24
17325,21
17329,26
17335,25
17337,21
17338,22
17350,22
17351,21
17352,21
17355,21
17356,21
17357,21
17358,25
17359,26
17361,22
17365,25
17380,26
17384,21
17385,25
17388,21
17390,21
17392,23
17395,21
17400,21
17402,25
17403,21
17405,26
17406,22
17408,21
17413,22
17416,26
17417,21
17420,21
17421,21
17424,25
17428,22
17430,21
17431,24
17432,22
17433,22
17434,25
17436,22
17439,24
17448,25
17457,25
17467,22
17468,22
17470,21
17471,22
17477,21
17479,23
17485,21
17490,22
17491,21
17494,21
17503,21
17507,21
17513,21
17515,22
17518,21
17521,21
17526,21
17529,21
17530,22
17532,21
17535,22
17540,27
17541,22
17544,21
17546,21
17552,22
17553,26
17555,22
17557,21
17558,22
17559,21
17560,25
17561,21
17565,22
17566,22
17569,22
17570,21
17574,23
17576,25
17579,21
17581,22
17582,25
17585,24
17586,21
17587,25
17598,22
17599,22
17603,21
17607,26
17609,22
17611,21
17613,24
17617,25
17619,22
17621,21
17628,21
17630,25
17635,22
17644,21
17645,22
17647,21
17648,21
17652,25
17658,25
17660,23
17665,22
17667,22
17668,22
17672,21
17673,21
17674,21
17680,21
17682,21
17684,22
17686,21
17695,24
17696,24
17697,21
17699,26
17700,21
17704,22
17709,21
17712,22
17720,27
17721,23
17724,21
17725,21
17726,23
17729,21
17734,21
17736,26
17738,26
17739,21
17746,21
17751,21
17752,22
17758,25
17759,21
17764,23
17768,22
17774,22
17775,25
17777,24
17779,21
17780,25
17782,22
17787,26
17788,21
17790,21
17792,23
17793,21
17795,21
17797,21
17798,22
17800,22
17801,25
17804,21
17813,26
17820,21
17821,22
17822,21
17825,22
17827,21
17830,22
17836,25
17843,21
17846,26
17851,25
17852,23
17855,23
17856,23
17859,24
17861,25
17863,25
17865,21
17866,21
17867,21
17869,23
17870,25
17872,21
17874,25
17877,21
17878,22
17881,21
17882,26
17884,22
17887,21
17889,21
17891,21
17892,22
17894,22
17898,21
17899,24
17900,21
17902,21
17903,23
17912,26
17913,21
17915,21
17919,21
17924,21
17929,21
17932,21
17940,21
17943,21
17944,24
17945,25
17946,22
17949,23
17951,22
17956,22
17958,21
17967,21
17971,22
17972,26
17973,21
17976,25
17995,26
17996,26
17997,23
18013,21
18014,26
18016,25
18019,22
18020,21
18024,22
18025,21
18032,21
18035,21
18036,25
18039,24
18044,25
18046,21
18047,26
18048,23
18050,24
18053,22
18054,23
18056,22
18057,21
18059,23
18060,21
18066,25
18067,21
18068,21
18069,21
18071,24
18072,21
18076,22
18080,25
18085,23
18088,22
18089,22
18092,22
18100,22
18101,22
18106,22
18108,22
18110,23
18112,25
18116,24
18127,21
18130,21
18132,21
18134,26
18136,21
18140,21
18141,22
18143,21
18145,22
18146,21
18147,22
18150,21
18151,21
18152,21
18153,21
18154,26
18157,21
18159,25
18161,22
18163,21
18164,21
18166,21
18168,26
18169,25
18170,22
18173,22
18174,21
18178,25
18179,25
18181,23
18189,22
18190,21
18192,21
18195,22
18201,24
18203,21
18204,21
18208,21
18211,22
18212,22
18214,21
18218,21
18222,21
18223,21
18225,24
18226,22
18227,21
18229,26
18233,22
18239,21
18240,21
18241,21
18245,21
18246,21
18252,25
18257,21
18258,21
18267,22
18271,21
18273,21
18276,22
18279,21
18280,25
18285,21
18287,22
18288,22
18291,21
18294,21
18296,24
18300,22
18302,21
18303,21
18304,21
18306,22
18308,22
18315,23
18316,22
18317,22
18320,22
18321,21
18323,21
18325,21
18326,22
18329,22
18331,24
18337,22
18338,22
18339,21
18343,22
18346,22
18347,22
18348,21
18349,21
18354,24
18355,21
18361,22
18362,21
18365,21
18373,22
18381,24
18386,21
18390,23
18393,26
18396,21
18404,21
18407,21
18408,21
18411,22
18412,21
18413,21
18416,24
18422,24
18423,23
18426,22
18427,21
18428,24
18430,26
18431,22
18433,22
18440,21
18441,21
18448,24
18453,21
18455,21
18457,22
18458,21
18459,21
18461,25
18462,22
18463,27
18466,21
18468,21
18470,21
18473,21
18475,23
18480,21
18482,21
18486,25
18488,21
18493,24
18495,23
18498,21
18499,22
18501,22
18504,21
18505,21
18510,21
18512,24
18515,22
18516,21
18521,23
18526,22
18527,24
18528,21
18535,21
18537,22
18538,21
18539,21
18546,21
18549,22
18550,26
18552,21
18554,21
18555,21
18559,25
18560,22
18563,25
18565,21
18569,21
18571,22
18572,22
18577,22
18578,21
18580,26
18581,25
18582,21
18585,26
18588,21
18591,24
18592,21
18596,29
18598,21
18600,25
18604,21
18606,21
18610,21
18613,21
18616,21
18620,21
18621,21
18623,21
18624,26
18625,22
18628,21
18630,21
18631,21
18637,22
18639,22
18641,21
18659,22
18661,21
18664,22
18666,21
18667,21
18668,21
18674,21
18676,26
18679,22
18681,21
18682,21
18684,21
18689,22
18690,24
18696,22
18699,21
18707,24
18709,22
18711,21
18713,22
18714,26
18717,21
18719,25
18720,21
18721,21
18722,22
18726,22
18729,23
18730,22
18733,24
18734,22
18737,21
18740,26
18742,22
18743,25
18744,23
18745,22
18746,26
18750,24
18752,21
18763,26
18765,21
18773,21
18774,21
18777,24
18779,24
18781,21
18782,21
18783,22
18785,21
18787,26
18792,22
18797,21
18804,28
18805,21
18806,21
18809,21
18814,22
18820,21
18824,22
18825,21
18826,21
18840,21
18841,21
18849,21
18851,21
18852,21
18856,21
18860,22
18861,26
18862,21
18864,27
18871,22
18874,21
18878,21
18879,22
18880,21
18881,21
18882,21
18883,21
18884,22
18885,21
18886,21
18887,21
18890,22
18892,24
18900,21
18902,22
18909,21
18910,24
18911,24
18912,23
18913,26
18915,22
18916,21
18924,21
18930,21
18933,23
18935,24
18939,25
18943,26
18962,22
18963,25
18967,21
18969,22
18970,21
18974,22
18975,21
18976,26
18977,24
18978,21
18983,22
18984,21
18985,21
18987,26
18994,25
18996,22
18999,21
19001,22
19007,21
19011,22
19014,23
19015,21
19016,25
19018,21
19021,21
19024,22
19025,21
19027,23
19032,22
19036,22
19037,21
19038,22
19039,22
19043,21
19045,21
19046,22
19049,21
19050,21
19054,22
19055,26
19058,21
19062,25
19068,22
19070,24
19075,21
19076,21
19080,21
19081,22
19084,21
19085,21
19087,21
19091,21
19099,21
19102,22
19106,22
19109,22
19114,26
19117,25
19120,25
19125,21
19131,25
19134,21
19135,25
19138,25
19143,22
19144,21
19148,21
19152,21
19153,22
19160,21
19164,24
19172,21
19174,21
19177,22
19179,25
19184,26
19186,21
19188,24
19190,21
19194,25
19195,25
19197,22
19200,21
19205,21
19206,24
19207,22
19209,21
19213,22
19214,25
19215,21
19216,24
19219,22
19220,22
19221,21
19227,25
19228,22
19234,22
19236,21
19241,21
19242,21
19244,22
19245,25
19246,25
19251,21
19254,23
19257,21
19259,24
19261,23
19265,21
19266,25
19267,22
19270,22
19272,22
19275,24
19276,25
19286,24
19288,21
19292,21
19296,21
19298,26
19300,26
19303,26
19304,22
19305,21
19306,21
19311,24
19312,22
19314,24
19316,25
19318,21
19320,22
